ID,category,sub_category,content,collaborative_rec,content_rec,mean,two_one
N53526,health,voices,"I Was An NBA Wife. Here's How It Affected My Mental Health. I felt like I was a fraud, and being an NBA wife didn't help that. In fact, it nearly destroyed me.",0.1914493762733345,0.3060447777838538,0.24874707702859417,0.2678463106136807
N42782,sports,baseball_mlb,Three takeaways from Yankees' ALCS Game 5 victory over the Astros The Yankees kept hope alive thanks to some impressive starting pitching and a pair of early home runs.,0.234383871380674,0.2944259641493693,0.2644049177650216,0.27441193322647084
N19347,news,newspolitics,"Former US Senator Kay Hagan dead at 66 Former U.S. Sen. Kay Hagan, a one-time Capitol Hill intern who went on to become North Carolina's first Democratic female senator, died Monday at her Greensboro home. She was 66.",0.2500349656276528,0.26755293747919,0.25879395155342144,0.2617136135286776
N18445,sports,football_ncaa,"Michigan sends breakup tweet to Notre Dame as series goes on hold Parting is such sweet sorrow, say the Wolverines.",0.2543658495492424,0.3128277598118881,0.28359680468056525,0.2933404563910062
N63302,lifestyle,lifestylebuzz,"This Wedding Photo of a Canine Best Man Captures Just How Deep a Dog's Love Truly Is When Mark Doublet made his dog, Marley, the best man at his wedding, he took his duties very seriously, and a photo of them together has gone viral.",0.2568926126368779,0.2878467501215054,0.27236968137919165,0.27752870429329624
N34694,tv,tvnews,Rosie O'Donnell: Barbara Walters Isn't 'Up to Speaking to People' Right Now Rosie O'Donnell: Barbara Walters Isn't 'Up to Speaking to People' Right Now,0.260405472458248,0.2922213596947243,0.2763134160764862,0.2816160639492322
N55189,tv,tvnews,"'Wheel Of Fortune' Guest Delivers Hilarious, Off The Rails Introduction We'd like to solve the puzzle, Pat: Blair Davis' loveless marriage? On Monday, ""Wheel of Fortune"" welcomed as a new contestant trucking business owner Blair Davis, who offered a biting introduction for himself. When host Pat Sajak asked the man from Cardiff, California, about his family, Davis plunged into one of the darkest personal summaries the show has likely ever heard. ""I've been trapped in a loveless marriage for the last 12 years to an...",0.2659144175244201,0.2765213085276216,0.2712178630260208,0.27298567819322106
N49749,sports,football_nfl,"'Unbelievable.' Chiefs fans stunned, mad after loss to the Titans What the heck happened? The Chiefs were lining up for a field goal that would have given them and eight-point lead late in Sunday's game against the Tennessee Titans in Nashville. The snap came before holder Dustin Colquitt was ready and he threw the ball away. Colquitt was called for intentional grounding and the Titans took over. They drove down the field for a touchdown, two-point ...",0.2740409170436477,0.2823813838758681,0.27821115045975786,0.27960122826512795
N31801,news,newspolitics,Joe Biden reportedly denied Communion at a South Carolina church because of his stance on abortion Joe Biden has a complicated history with the Catholic Church.,0.2837665216912934,0.2903013034149457,0.28703391255311955,0.2881230428403949
N45794,news,newscrime,"Four flight attendants were arrested in Miami's airport after bringing in thousands in cash, police say Four American Airlines flight attendants were arrested at the Miami International Airport and charged with money laundering after bringing large amounts of cash into the country, police said.",0.29702002907921,0.3186175340629884,0.3078187815710992,0.31141836573506226
N6940,finance,finance-career-education,"Kaiser Permanente CEO And Affordable Health Care Advocate Bernard J. Tyson Dies Health care provider Kaiser Permanente said Sunday its chairman and CEO, Bernard J. Tyson, has died unexpectedly at the age of 60.",1.0,0.2195903788876322,0.609795189443816,0.4797269192584215
N55199,news,newsus,Winter homeless shelter remains unopened after protests ,1.0,0.2798969370251307,0.6399484685125654,0.5199312913500871
N25142,entertainment,awards,"Robert Downey Jr. reassures fans he didn't die at 2019 E! PCAs Tony Stark has risen from the dead! The ""Iron Man"" star takes the stage to kick off the E! People's Choice Awards with a bang! Watch.",1.0,0.2397540287757782,0.6198770143878891,0.4931693525171854
N40147,sports,football_nfl,"Well, they'll take it: Shining light on the highs and lows from the Bears' win over the Lions on the Bear Download podcast Welcome to the Bear Download podcast. Listen below or subscribe and listen on iTunes | Spotify | Stitcher | Google Play Bears win! Well, yes, they did end their four-game losing streak with a 20-13 victory over the shorthanded Lions. But Rich and Dan break it all down and let some air out of the balloon -- not that much was in there to start. On the bright side, quarterback Mitch Trubisky ...",1.0,0.3109502057434009,0.6554751028717004,0.5406334704956006
N41222,news,newsworld,"Evo Morales of Bolivia Accepts Asylum in Mexico Evo Morales, the former president of Bolivia who resigned under pressure from street protests and the military, was granted asylum in Mexico on Monday, departing from the country at a time when it is deeply polarized and leaderless.",1.0,0.2759927718217635,0.6379963859108817,0.5173285145478423
N18340,sports,basketball_nba,"Raptors end Lakers' 7-game winning streak in 113-104 victory LOS ANGELES (AP)   The centerpiece of the Toronto Raptors' championship team works at Staples Center now. Two more key components of last season's sublime roster got injured right before the Raptors arrived in Los Angeles for the reunion. In the opening weeks of life after Kawhi, the defending champs are learning they might be deeper than even they realized. They definitely had enough to hold off Staples' marquee tenants in a remarkable...",1.0,0.2816152078091055,0.6408076039045527,0.5210768052060704
N55528,lifestyle,lifestyleroyals,"The Brands Queen Elizabeth, Prince Charles, and Prince Philip Swear By Shop the notebooks, jackets, and more that the royals can't live without.",1.0,0.288674603358858,0.6443373016794289,0.5257830689059053
N61572,sports,football_nfl,"Believe in 'Minkah Magic' as Fitzpatrick sparks Steelers' turnaround Discarded by the Dolphins after a little more than a season, Minkah Fitzpatrick is making a considerable difference for a surging Steelers team.",1.0,0.3155562654247478,0.657778132712374,0.5437041769498319
N218,video,news,Bolivia protesters celebrate Morales' resignation Bolivian opposition protesters celebrated joyously in the streets of La Paz on Sunday evening after Bolivian President Evo Morales said he would resign following weeks of protests over a disputed election that has roiled the South American nation.,1.0,0.2670848076736323,0.6335424038368161,0.5113898717824215
N9739,sports,football_nfl_videos,Vikings edge Cowboys on 'SNF' Watch the Minnesota Vikings vs. Dallas Cowboys highlights from Week 10 of the 2019 season.,1.0,0.3073980638480424,0.6536990319240212,0.5382653758986949
N39983,news,newscrime,"NYPD Defends Officers In Arrest Of Illegal Food Vendor Despite criticism from some city officials, the NYPD says its officers acted properly in arresting a woman who was illegally selling churros inside a Brooklyn subway station. CBS2's Lisa Rozner reports",1.0,0.2656632167170804,0.6328316083585401,0.5104421444780536
N43567,news,newspolitics,"High-stakes televised impeachment hearings set for next week William Taylor, the top diplomat in Ukraine, will testify, and Republicans hope to hear from Hunter Biden and the anonymous whistleblower.",1.0,0.2870098842707755,0.6435049421353878,0.524673256180517
N413,news,newsscienceandtechnology,"Google Maps lets you manage your public profile from the Android app Google Maps increasingly thrives on user contributions to fill in details, but you haven't had the option to manage your public profile from the phone app you're probably using to make those contributions. That's a bit backwards, but Google is thankfully setting things right. An updated version of the Android app lets you manage your profile from a new ""your profile"" item in the side menu.",1.0,0.326383384365939,0.6631916921829695,0.5509222562439593
N208,sports,football_nfl,Five winners and five losers as the Dallas Cowboys drop a heartbreaker to the Minnesota Vikings A tough loss to swallow for the Cowboys.,1.0,0.2790330363302432,0.6395165181651216,0.5193553575534955
N27974,weather,weathertopstories,"Colder Temperatures And A Wintery Mix Expected Monday First on Fox, we begin tonight on the winter watch today`s fall feel giving way to winter in a hurry, and that means getting prepared for the quick change in seasons, and that means some snow. Fox 2/News 11`s Blair Ledet begins our coverage.",1.0,0.3009310909034152,0.6504655454517076,0.5339540606022768
N6379,news,newscrime,"California cops respond to 2 homeless men shot with arrows: report Two homeless men living at an encampment near San Francisco were shot with arrows early Sunday in an attack that was not random, a report said.",1.0,0.2612267707399648,0.6306133853699825,0.5074845138266432
N5,sports,icehockey_nhl,"Even David Pastrnak's slumps are superstar caliber for Bruins Guess David Pastrnak isn't going to score 82 goals and accumulate 164 points this season. Or at least he's not on pace to do anymore. After scoring 15 goals and adding 15 assists through the Bruins' first 15 games, Pastrnak had gone two games without a point after he was blanked in Boston's 3-2 shootout loss to Philadelphia at TD Garden on Sunday. Oh the humanity! But here's where things stand in the 23-year-old sniper's career. Gone are the...",1.0,0.3101050754402753,0.6550525377201377,0.5400700502935168
N20831,sports,soccer_mls,"New buzz on possibility of Major League Soccer in Charlotte Charlotte appears to be in the driver's seat for Major League Soccer's 30th franchise. MLS Commissioner Don Garber mentioned Charlotte as one of three cities in the running at Friday's State of the League press conference. ""It is very likely that we'll announce [the] team 30 in the next number of months,"" Garber said. Garber acknowledged Charlotte, Phoenix and Las Vegas as cities in the mix for expansion. ""It's fair to say that Charlotte has...",1.0,0.3160085431385989,0.6580042715692994,0.5440056954257326
N5497,news,newsus,"Still teaching at 95, Jimmy Carter draws devotees to church PLAINS, Ga. (AP)   The pilgrims arrive early and from all over, gathering hours before daybreak in an old pecan grove that surrounds a country church. They come, they say, for a dose of simple decency and devotion wrapped up in a Bible lesson. The teacher is the 39th president of the United States, Jimmy Carter. Nearly four decades after he left office and despite a body that's failing after 95 years, the nation's oldest-ever ex-president still...",1.0,0.2793528447612001,0.6396764223806001,0.5195685631741334
N13019,video,lifestyle,"Still teaching at 95, Jimmy Carter draws devotees to church Former President Jimmy Carter can still draw a crowd, and he does each time he teaches Sunday school in his hometown of Plains, Georgia. (Nov. 11)",1.0,0.2812466498402944,0.6406233249201472,0.5208310998935296
N31581,news,newsus,"Man killed in single-car crash after having medical emergency behind the wheel A 52-year-old man was killed after he had a medical emergency behind the wheel. The Missouri State Highway Patrol said Jeffery T. Gregory was driving on Missouri Highway 79 near the intersection of East Terra Lane Sunday afternoon at around 12:45 when he had a medical emergency. The crash report said the car drove off the left side of the road, ended up on East Terra Lane and flipped before slamming into a concrete median. He was pronounced dead...",1.0,0.2544053400472404,0.6272026700236202,0.5029368933648269
N10311,news,newsworld,"Turkish army takes CNN inside Syria's safe zone A month after Turkey launched its operation into northern Syria, major combat operations around the town of Tal Abyad may have ended, but the battle for this part of Syria is far from over. CNN's Jomana Karadsheh reports.",1.0,0.2968496807618769,0.6484248403809385,0.5312331205079179
N5027,news,newsscienceandtechnology,NEW DETAILS: Wright Brothers airport eyes growth as upgrades continue Dayton-Wright Brothers Airport is in the midst of what is expected be more than $4 million in investments as it broadens its regional reach.,1.0,0.3215340229629982,0.6607670114814991,0.5476893486419988
N64760,news,newsoffbeat,"Supermarket magnate John Catsimatidis offers $1,000 reward in case of possible Queens cat poisonings It might take Cats to catch a heartless feline killer. Supermarket mogul and one-time mayoral hopeful John Catsimatidis is offering a $1,000 reward for information on a suspected cat killer who animal rights activists believe is poisoning feral felines in Queens. Catsimatidis announced the reward on his Cats Roundtable radio show Sunday morning during a segment with Guardian Angels ...",1.0,0.2722412052447023,0.6361206026223512,0.5148274701631348
N43432,news,newsus,"US Forest Service shuts down vandalized Georgia park feature GAINESVILLE, Ga. (AP)   The U.S. Forest Service says vandalism is forcing it to shut down a popular fall leaf viewing destination in Georgia. The agency posted photos to Facebook on Friday showing a wooden platform covered in white spray paint overlooking the mountainous north Georgia landscape at Chattahoochee-Oconee National Forests.",1.0,0.301691465767552,0.650845732883776,0.5344609771783679
N17258,news,newsscienceandtechnology,Realme takes chunk of India mobile market as Samsung slides Over 400 percent more phones shipped year-on-year,1.0,0.2944796283635323,0.6472398141817661,0.5296530855756882
N23858,sports,golf,"Young Northeast Florida fans flock to U.S. women's soccer When the U.S. women's national soccer team arrived in Jacksonville for a final exhibition match to conclude their 2019 Victory Tour at TIAA Bank Field against Costa Rica Sunday night, area fans were waiting for them. Although the suspense was low, since the U.S. women's national team has put up an impressive 14-0-0 all-time record against Costa Rica, soccer fans from far and wide showed out to ...",1.0,0.341744291440861,0.6708721457204305,0.561162860960574
N16909,weather,weathertopstories,"Adapting, Learning And Soul Searching: Reflecting On Woolsey Fire Woolsey Fire Anniversary: A community is forever changed by the largest blaze in county history, a harbinger of the catastrophic fire era.",1.0,0.2717659544233136,0.6358829772116568,0.514510636282209
N47585,lifestyle,lifestylefamily,Family says 13-year-old Broadway star died from massive asthma attack ,1.0,0.234984336874,0.617492168437,0.48998955791599996
N7482,sports,more_sports,"St. Dominic soccer player tries to kick cancer to the curb Sometimes, what happens on the sidelines can be even more important than what happens on the field. That was the case recently for the improving St. Dominic boys soccer team. ""We're led by some great seniors and they're learning a lot,"" said head soccer coach Greg Koeller. Since 2000, the Crusaders have won five state titles. And if that wasn't enough motivation, they have players who provide inspiration. Like No. 2, Clay North. ""Clay is just an...",1.0,0.3226870841332823,0.6613435420666411,0.5484580560888548
N3411,sports,basketball_ncaa,"Aldermen, Parents And Players Hope SLPS Will Reconsider Roosevelt Coach Termination New tonight, the Roosevelt High School football coach was fired for contacting players through social media. But theres a push to have him re-instated. Fox 2/News 11s Jeff Bernthal was live with why several St. Louis aldermen want the district to re-consider the coachs termination.",1.0,0.2836980561130566,0.6418490280565283,0.5224653707420377
N5171,news,elections-2020-us,Still a chance? 2020 longshots insist race is up for grabs Bernie Sanders rallied hundreds of supporters outside the New Hampshire capital when the senator formally filed to compete in the state's first-in-the-nation presidential primary.,1.0,0.3120811817942698,0.656040590897135,0.5413874545295132
N241,finance,finance-companies,"Are Stores Open on Veterans Day? Target, Aldi, Walmart and More Will shoppers be able to make the most of Veterans Day deals this public holiday?",1.0,0.3272550378579849,0.6636275189289924,0.55150335857199
N20332,news,newsworld,"Langfords, 100 members of Mormon families leave Mexico after ambush David Langford and his hero son, Devin, who helped save his siblings, are leaving Northwest Mexico, where Mormons lived for decades before drug cartels encroached.",1.0,0.2525074799802442,0.6262537399901221,0.5016716533201628
N19639,health,weightloss,50 Worst Habits For Belly Fat These seemingly harmless habits are holding you back and keeping you from shedding that unwanted belly fat for good.,1.0,0.3251218005630026,0.6625609002815013,0.550081200375335
N61837,news,newsworld,"The Cost of Trump's Aid Freeze in the Trenches of Ukraine's War Lt. Ivan Molchanets peeked over a parapet of sand bags at the front line of the war in Ukraine. Next to him was an empty helmet propped up to trick snipers, already perforated with multiple holes.",1.0,0.2845829186110927,0.6422914593055463,0.5230552790740618
N38324,health,medical,"How to Get Rid of Skin Tags, According to a Dermatologist They seem harmless, but there's a very good reason you shouldn't ignore them. The post How to Get Rid of Skin Tags, According to a Dermatologist appeared first on Reader's Digest.",1.0,0.3536800094807857,0.6768400047403929,0.5691200063205237
N2073,sports,football_nfl,Should NFL be able to fine players for criticizing officiating? Several fines came down against NFL players for criticizing officiating this week. It's a very bad look for the league.,1.0,0.3203378792870111,0.6601689396435055,0.546891919524674
N49186,weather,weathertopstories,"It's been Orlando's hottest October ever so far, but cooler temperatures on the way There won't be a chill down to your bones this Halloween in Orlando, unless you count the sweat dripping from your armpits.",1.0,0.2982154371460612,0.6491077185730306,0.5321436247640408
N59295,news,newsworld,"Chile: Three die in supermarket fire amid protests Three people have died in a supermarket fire as angry protests in Chile entered their seventh day, the mayor of capital city Santiago said on Sunday.",1.0,0.259650606776252,0.629825303388126,0.5064337378508347
N15962,sports,football_nfl,"Ravens Coach Harbaugh: Michael Pierce's X-Rays Negative After Ankle Injury, No Timetable On Return Coach John Harbaugh said the x-rays on his ankle came back negative, but there is no clear timetable on his return.",1.0,0.3086710862216174,0.6543355431108087,0.5391140574810782
N28814,sports,basketball_ncaa,"Christyn Williams delivers all-around performance to fuel stilted UConn offense On a day when UConn's offense often felt stilted and stagnant, the Huskies turned to one player more than any other for scoring, playmaking and a general positive presence. Sophomore Christyn Williams was efficient Sunday, converting 10 of 17 field-goal attempts. She was consistent, with at least one field goal in all four quarters and at least two rebounds in three of the four. And she was ...",1.0,0.3018639478224901,0.650931973911245,0.5345759652149934
N47850,news,newsus,"Texas teacher free on bond after assaulting a student A Texas teacher is free on bond tonight, after her arrest for assaulting a student. Her violent outburst was captured on cell phone video. Meg Oliver reports.",1.0,0.3029853897830566,0.6514926948915283,0.5353235931887044
N52046,sports,racing,NASCAR championship standings 2019: Final 4 drivers set for Cup Series title race at Homestead Three Joe Gibbs Racing drivers will be competing with a Stewart-Haas Racing driver for a championship on Nov. 17.,1.0,0.3401803552616959,0.6700901776308479,0.5601202368411305
N4219,sports,icehockey_nhl,"In USA vs. Canada hockey, the winners are women At the end, what didn't matter was the score. What mattered most was the game. Playing ice hockey hard and fast. Some of the highest level hockey in the world, played by women. Even the players in Sunday's second sold-out exhibition game between the national women's teams of the United States and Canada   the best female players in the world and the biggest rivals   had stressed a higher purpose to this past week's joint training camp that put...",1.0,0.3310500982016758,0.6655250491008379,0.5540333988011172
N31089,news,newsus,Thief steals thousands from couple during wedding reception Emma and Chris Cox's picture-perfect wedding day was tarnished when a thief swiped a gift bag filled with thousands in cash. The brazen heist was caught on surveillance cameras.,1.0,0.2733090399598692,0.6366545199799346,0.5155393599732461
N41479,sports,basketball_nba,"Scouting report: Rockets vs. Pelicans When/where: 7 p.m. Monday/Smoothie King Center TV/radio: AT&T SportsNet/790-AM; Spanish: 850 AM/101.7 FM So far: Rockets 6-3, Pelicans 2-7 Lately: The Rockets have a three-game winning streak, their longest of the season, after beating the Bulls in Chicago on Saturday. The Pelicans picked up their second win of the season Saturday in Charlotte. Scouting the Rockets In the past six games against the Pelicans, the Rockets have outscored New...",1.0,0.3100680718331366,0.6550340359165683,0.5400453812220911
N54299,sports,baseball_mlb,"Column: Baseball's hot stove league could use an NBA-style spark after the slow pace of the last few offseasons When discussing teams' interest in free agent Bryce Harper last year at the general managers meetings, agent Scott Boras cautioned that many suitors would be playing it cool over the winter. ""It's not a regatta,"" Boras said. ""It's a submarine race."" The submarine race finally ended more than three months later, during spring training, with Harper signing a record 13-year, $330 million deal ...",1.0,0.298013640885765,0.6490068204428825,0.5320090939238433
N24301,sports,football_nfl,"10 biggest disappointments of NFL Week 10 From quarterback play to special teams disasters, there was plenty of disappointment to go around in Week 10 of the NFL.",1.0,0.2961154252847866,0.6480577126423933,0.5307436168565244
N15236,finance,finance-real-estate,"Only 1 World City Charges More Than NYC Per Foot Of Apt Space The amount New Yorkers pay per square foot of real estate is much higher than almost anywhere else in the world, a recent report shows.",1.0,0.2993135487808007,0.6496567743904004,0.5328756991872005
N3354,sports,more_sports,NCDPS: Juveniles who escaped from N.C. development center may be in Hickory area ,1.0,0.2963719394797707,0.6481859697398853,0.5309146263198471
N35584,travel,travelnews,"Veterans gather, share stories at Brick Store Museum exhibit ahead of American Legion Centennial The Brick Store Museum in Kennebunk held an open house for veterans Sunday in celebration of the American Legion's centennial anniversary. At the museum, a new exhibit looks back at 100 years of history between the town of Kennebunk and the Webber-Lefebvre American Legion Post 74. The exhibit displays various artifacts, historical documents, military uniforms and photos on loan from the post. Sign up for our Newsletters The American Legion is...",1.0,0.3019048674900062,0.6509524337450031,0.5346032449933374
N21106,sports,football_nfl,"Patriots: CB Stephon Gilmore's dominance has had much to do with New England being 8-1 The Patriots headed into their bye week after their first loss of 2019. At 8-1, however, there's been much more good than bad this season, so far. When the team returns for Week 11, they'll still be in the driver's seat for the AFC's No. 1 seed. The schedule won't be easy -- Philadelphia, Dallas, Houston and Kansas City -- but we'll see if the Patriots can regain their form from the first ...",1.0,0.3210043966615281,0.6605021983307641,0.5473362644410187
N8371,sports,football_nfl,"Rams' fake punt goes horribly wrong, Steelers get pick Nothing seems to be working for the Rams against the Steelers, and this fake punt attempt was no exception.",1.0,0.300997695989195,0.6504988479945975,0.5339984639927966
N56061,sports,football_nfl,9 things we learned from Sunday's games of Week 10 of NFL season ,1.0,0.2831230754551275,0.6415615377275637,0.5220820503034183
N14622,news,newscrime,"Family asks for help in solving May cold case Friends and family of a murder victim is asking the community for answers. Corey Johnson, 27, was gunned down on 18th and West Main Streets on May 21. His sister, Monique Johnson, says she has not heard anything from police as far as leads or suspects. Johnson is asking that if someone knows information regarding her brother's murder to come forward. ""I'm just pleading for the public, anyone who knows anything please speak,"" she said. Johnson's...",1.0,0.2628974869304781,0.631448743465239,0.5085983246203187
N13341,news,newsus,"Rising temperatures put U.S. troops at risk during training, report finds By midcentury, troops could face an extra month of heat-index temperatures above 100 F every year, the Union of Concerned Scientists found.",1.0,0.3205716686424591,0.6602858343212296,0.5470477790949727
N50451,news,newsus,"Police: Man killed in crash, fire in Pleasant Ridge A man is dead after a car crash turned into a fire in Pleasant Ridge late Sunday night. The crash happened around 10:30 p.m. on Ridge and Montgomery Road. Sign up for our Newsletters Police said emergency crews at the scene found the driver trapped in the car. Officials said the driver crashed into a utility pole causing the car to burst into flames. The driver later died from his injuries. Investigators said they believe the driver was speeding...",1.0,0.2526895271347806,0.6263447635673903,0.5017930180898538
N40065,sports,more_sports,"The Day in Sports: Sunday, November 10, 2019 The Day in Sports: Sunday, November 10, 2019",1.0,0.2925054462770553,0.6462527231385277,0.5283369641847036
N17301,sports,football_nfl,Kirk Cousins responds to narrative about not being able to beat winning teams Cousins helped deliver a huge win for the Vikings over the Cowboys Sunday night.,1.0,0.304882058361427,0.6524410291807134,0.536588038907618
N34418,sports,soccer_epl,"How the Sounders won MLS Cup Mark, Jeremiah and Casey were so excited they did a postgame podcast.",1.0,0.3071052222267266,0.6535526111133633,0.5380701481511511
N56193,sports,football_nfl,Cowboys have questionable red zone calls in loss to Vikings ,1.0,0.2743381356135105,0.6371690678067552,0.5162254237423403
N33435,lifestyle,lifestylefamily,"Four siblings, all veterans, celebrate Veterans Day in DC Those who pay a visit to the solemn World War II Memorial will come across inscriptions, excerpts of speeches from leaders honoring those who laid down their lives for this country.",1.0,0.2910659776804282,0.6455329888402142,0.5273773184536188
N10529,sports,football_nfl,Week 10 Game Balls: Few Bright Spots in Colts Dismal Showing against Dolphins ,1.0,0.2861506610832647,0.6430753305416324,0.5241004407221764
N39850,lifestyle,lifestylebuzz,"Veterans Day event in Jeffersontown brings out the town and the Ladies for Liberty At a Veterans Day observation service in Jeffersontown Veterans Memorial Park Sunday, several hundred people gathered.",1.0,0.2873758036629124,0.6436879018314562,0.5249172024419415
N44276,autos,autossports,Best Sports Car Deals for October ,1.0,0.310330189649581,0.6551650948247905,0.540220126433054
